"STATION","NAME","DATE","PRCP"
"USW00094823","PITTSBURGH INTERNATIONAL AIRPORT, PA US","1948-01","2.06"
"USW00094823","PITTSBURGH INTERNATIONAL AIRPORT, PA US","1948-02","1.91"
"USW00094823","PITTSBURGH INTERNATIONAL AIRPORT, PA US","1948-03","3.67"
"USW00094823","PITTSBURGH INTERNATIONAL AIRPORT, PA US","1948-04","6.03"
"USW00094823","PITTSBURGH INTERNATIONAL AIRPORT, PA US","1948-05","3.17"
"USW00094823","PITTSBURGH INTERNATIONAL AIRPORT, PA US","1948-06","6.06"
"USW00094823","PITTSBURGH INTERNATIONAL AIRPORT, PA US","1948-07","2.84"
"USW00094823","PITTSBURGH INTERNATIONAL AIRPORT, PA US","1948-08","2.90"
"USW00094823","PITTSBURGH INTERNATIONAL AIRPORT, PA US","1948-09","1.27"
"USW00094823","PITTSBURGH INTERNATIONAL AIRPORT, PA US","1948-10","3.15"
"USW00094823","PITTSBURGH INTERNATIONAL AIRPORT, PA US","1948-11","2.69"
"USW00094823","PITTSBURGH INTERNATIONAL AIRPORT, PA US","1948-12","3.24"
"USW00094823","PITTSBURGH INTERNATIONAL AIRPORT, PA US","1949-01","3.96"
"USW00094823","PITTSBURGH INTERNATIONAL AIRPORT, PA US","1949-02","2.63"
"USW00094823","PITTSBURGH INTERNATIONAL AIRPORT, PA US","1949-03","3.16"
"USW00094823","PITTSBURGH INTERNATIONAL AIRPORT, PA US","1949-04","2.56"
"USW00094823","PITTSBURGH INTERNATIONAL AIRPORT, PA US","1949-05","2.26"
"USW00094823","PITTSBURGH INTERNATIONAL AIRPORT, PA US","1949-06","3.04"
"USW00094823","PITTSBURGH INTERNATIONAL AIRPORT, PA US","1949-07","5.04"
"USW00094823","PITTSBURGH INTERNATIONAL AIRPORT, PA US","1949-08","1.51"
"USW00094823","PITTSBURGH INTERNATIONAL AIRPORT, PA US","1949-09","1.80"
"USW00094823","PITTSBURGH INTERNATIONAL AIRPORT, PA US","1949-10","1.80"
"USW00094823","PITTSBURGH INTERNATIONAL AIRPORT, PA US","1949-11","1.93"
"USW00094823","PITTSBURGH INTERNATIONAL AIRPORT, PA US","1949-12","3.43"
"USW00094823","PITTSBURGH INTERNATIONAL AIRPORT, PA US","1950-01","5.68"
"USW00094823","PITTSBURGH INTERNATIONAL AIRPORT, PA US","1950-02","3.74"
"USW00094823","PITTSBURGH INTERNATIONAL AIRPORT, PA US","1950-03","3.89"
"USW00094823","PITTSBURGH INTERNATIONAL AIRPORT, PA US","1950-04","2.30"
"USW00094823","PITTSBURGH INTERNATIONAL AIRPORT, PA US","1950-05","4.61"
"USW00094823","PITTSBURGH INTERNATIONAL AIRPORT, PA US","1950-06","5.87"
"USW00094823","PITTSBURGH INTERNATIONAL AIRPORT, PA US","1950-07","4.09"
"USW00094823","PITTSBURGH INTERNATIONAL AIRPORT, PA US","1950-08","2.63"
"USW00094823","PITTSBURGH INTERNATIONAL AIRPORT, PA US","1950-09","3.53"
"USW00094823","PITTSBURGH INTERNATIONAL AIRPORT, PA US","1950-10","1.53"
"USW00094823","PITTSBURGH INTERNATIONAL AIRPORT, PA US","1950-11","7.29"
"USW00094823","PITTSBURGH INTERNATIONAL AIRPORT, PA US","1950-12","3.26"
"USW00094823","PITTSBURGH INTERNATIONAL AIRPORT, PA US","1951-01","4.90"
"USW00094823","PITTSBURGH INTERNATIONAL AIRPORT, PA US","1951-02","2.77"
"USW00094823","PITTSBURGH INTERNATIONAL AIRPORT, PA US","1951-03","4.55"
"USW00094823","PITTSBURGH INTERNATIONAL AIRPORT, PA US","1951-04","4.86"
"USW00094823","PITTSBURGH INTERNATIONAL AIRPORT, PA US","1951-05","2.06"
"USW00094823","PITTSBURGH INTERNATIONAL AIRPORT, PA US","1951-06","10.25"
"USW00094823","PITTSBURGH INTERNATIONAL AIRPORT, PA US","1951-07","3.48"
"USW00094823","PITTSBURGH INTERNATIONAL AIRPORT, PA US","1951-08","0.55"
"USW00094823","PITTSBURGH INTERNATIONAL AIRPORT, PA US","1951-09","2.72"
"USW00094823","PITTSBURGH INTERNATIONAL AIRPORT, PA US","1951-10","1.45"
"USW00094823","PITTSBURGH INTERNATIONAL AIRPORT, PA US","1951-11","3.75"
"USW00094823","PITTSBURGH INTERNATIONAL AIRPORT, PA US","1951-12","3.83"
"USW00094823","PITTSBURGH INTERNATIONAL AIRPORT, PA US","1952-01","4.71"
"USW00094823","PITTSBURGH INTERNATIONAL AIRPORT, PA US","1952-02","2.82"
"USW00094823","PITTSBURGH INTERNATIONAL AIRPORT, PA US","1952-03","4.64"
"USW00094823","PITTSBURGH INTERNATIONAL AIRPORT, PA US","1952-04","3.96"
"USW00094823","PITTSBURGH INTERNATIONAL AIRPORT, PA US","1952-05","5.36"
"USW00094823","PITTSBURGH INTERNATIONAL AIRPORT, PA US","1952-06","3.79"
"USW00094823","PITTSBURGH INTERNATIONAL AIRPORT, PA US","1952-07","2.04"
"USW00094823","PITTSBURGH INTERNATIONAL AIRPORT, PA US","1952-08","4.09"
"USW00094823","PITTSBURGH INTERNATIONAL AIRPORT, PA US","1952-09","1.45"
"USW00094823","PITTSBURGH INTERNATIONAL AIRPORT, PA US","1952-10","0.98"
"USW00094823","PITTSBURGH INTERNATIONAL AIRPORT, PA US","1952-11","1.73"
"USW00094823","PITTSBURGH INTERNATIONAL AIRPORT, PA US","1952-12","2.19"
"USW00094823","PITTSBURGH INTERNATIONAL AIRPORT, PA US","1953-01","3.07"
"USW00094823","PITTSBURGH INTERNATIONAL AIRPORT, PA US","1953-02","1.15"
"USW00094823","PITTSBURGH INTERNATIONAL AIRPORT, PA US","1953-03","3.04"
"USW00094823","PITTSBURGH INTERNATIONAL AIRPORT, PA US","1953-04","3.92"
"USW00094823","PITTSBURGH INTERNATIONAL AIRPORT, PA US","1953-05","5.89"
"USW00094823","PITTSBURGH INTERNATIONAL AIRPORT, PA US","1953-06","3.69"
"USW00094823","PITTSBURGH INTERNATIONAL AIRPORT, PA US","1953-07","2.19"
"USW00094823","PITTSBURGH INTERNATIONAL AIRPORT, PA US","1953-08","3.00"
"USW00094823","PITTSBURGH INTERNATIONAL AIRPORT, PA US","1953-09","1.67"
"USW00094823","PITTSBURGH INTERNATIONAL AIRPORT, PA US","1953-10","0.89"
"USW00094823","PITTSBURGH INTERNATIONAL AIRPORT, PA US","1953-11","1.33"
"USW00094823","PITTSBURGH INTERNATIONAL AIRPORT, PA US","1953-12","1.43"
"USW00094823","PITTSBURGH INTERNATIONAL AIRPORT, PA US","1954-01","2.34"
"USW00094823","PITTSBURGH INTERNATIONAL AIRPORT, PA US","1954-02","1.55"
"USW00094823","PITTSBURGH INTERNATIONAL AIRPORT, PA US","1954-03","4.28"
"USW00094823","PITTSBURGH INTERNATIONAL AIRPORT, PA US","1954-04","3.12"
"USW00094823","PITTSBURGH INTERNATIONAL AIRPORT, PA US","1954-05","1.88"
"USW00094823","PITTSBURGH INTERNATIONAL AIRPORT, PA US","1954-06","3.79"
"USW00094823","PITTSBURGH INTERNATIONAL AIRPORT, PA US","1954-07","2.43"
"USW00094823","PITTSBURGH INTERNATIONAL AIRPORT, PA US","1954-08","2.93"
"USW00094823","PITTSBURGH INTERNATIONAL AIRPORT, PA US","1954-09","1.80"
"USW00094823","PITTSBURGH INTERNATIONAL AIRPORT, PA US","1954-10","8.20"
"USW00094823","PITTSBURGH INTERNATIONAL AIRPORT, PA US","1954-11","1.01"
"USW00094823","PITTSBURGH INTERNATIONAL AIRPORT, PA US","1954-12","2.70"
"USW00094823","PITTSBURGH INTERNATIONAL AIRPORT, PA US","1955-01","1.35"
"USW00094823","PITTSBURGH INTERNATIONAL AIRPORT, PA US","1955-02","3.24"
"USW00094823","PITTSBURGH INTERNATIONAL AIRPORT, PA US","1955-03","3.68"
"USW00094823","PITTSBURGH INTERNATIONAL AIRPORT, PA US","1955-04","2.61"
"USW00094823","PITTSBURGH INTERNATIONAL AIRPORT, PA US","1955-05","2.59"
"USW00094823","PITTSBURGH INTERNATIONAL AIRPORT, PA US","1955-06","3.21"
"USW00094823","PITTSBURGH INTERNATIONAL AIRPORT, PA US","1955-07","3.61"
"USW00094823","PITTSBURGH INTERNATIONAL AIRPORT, PA US","1955-08","6.77"
"USW00094823","PITTSBURGH INTERNATIONAL AIRPORT, PA US","1955-09","1.76"
"USW00094823","PITTSBURGH INTERNATIONAL AIRPORT, PA US","1955-10","2.79"
"USW00094823","PITTSBURGH INTERNATIONAL AIRPORT, PA US","1955-11","2.89"
"USW00094823","PITTSBURGH INTERNATIONAL AIRPORT, PA US","1955-12","0.41"
"USW00094823","PITTSBURGH INTERNATIONAL AIRPORT, PA US","1956-01","1.91"
"USW00094823","PITTSBURGH INTERNATIONAL AIRPORT, PA US","1956-02","5.99"
"USW00094823","PITTSBURGH INTERNATIONAL AIRPORT, PA US","1956-03","5.28"
"USW00094823","PITTSBURGH INTERNATIONAL AIRPORT, PA US","1956-04","4.25"
"USW00094823","PITTSBURGH INTERNATIONAL AIRPORT, PA US","1956-05","5.90"
"USW00094823","PITTSBURGH INTERNATIONAL AIRPORT, PA US","1956-06","4.19"
"USW00094823","PITTSBURGH INTERNATIONAL AIRPORT, PA US","1956-07","4.25"
"USW00094823","PITTSBURGH INTERNATIONAL AIRPORT, PA US","1956-08","5.07"
"USW00094823","PITTSBURGH INTERNATIONAL AIRPORT, PA US","1956-09","1.93"
"USW00094823","PITTSBURGH INTERNATIONAL AIRPORT, PA US","1956-10","1.50"
"USW00094823","PITTSBURGH INTERNATIONAL AIRPORT, PA US","1956-11","1.03"
"USW00094823","PITTSBURGH INTERNATIONAL AIRPORT, PA US","1956-12","3.35"
"USW00094823","PITTSBURGH INTERNATIONAL AIRPORT, PA US","1957-01","1.65"
"USW00094823","PITTSBURGH INTERNATIONAL AIRPORT, PA US","1957-02","1.36"
"USW00094823","PITTSBURGH INTERNATIONAL AIRPORT, PA US","1957-03","2.02"
"USW00094823","PITTSBURGH INTERNATIONAL AIRPORT, PA US","1957-04","4.58"
"USW00094823","PITTSBURGH INTERNATIONAL AIRPORT, PA US","1957-05","2.73"
"USW00094823","PITTSBURGH INTERNATIONAL AIRPORT, PA US","1957-06","4.07"
"USW00094823","PITTSBURGH INTERNATIONAL AIRPORT, PA US","1957-07","3.97"
"USW00094823","PITTSBURGH INTERNATIONAL AIRPORT, PA US","1957-08","0.78"
"USW00094823","PITTSBURGH INTERNATIONAL AIRPORT, PA US","1957-09","4.07"
"USW00094823","PITTSBURGH INTERNATIONAL AIRPORT, PA US","1957-10","1.74"
"USW00094823","PITTSBURGH INTERNATIONAL AIRPORT, PA US","1957-11","2.50"
"USW00094823","PITTSBURGH INTERNATIONAL AIRPORT, PA US","1957-12","4.22"
"USW00094823","PITTSBURGH INTERNATIONAL AIRPORT, PA US","1958-01","3.18"
"USW00094823","PITTSBURGH INTERNATIONAL AIRPORT, PA US","1958-02","1.11"
"USW00094823","PITTSBURGH INTERNATIONAL AIRPORT, PA US","1958-03","1.88"
"USW00094823","PITTSBURGH INTERNATIONAL AIRPORT, PA US","1958-04","3.42"
"USW00094823","PITTSBURGH INTERNATIONAL AIRPORT, PA US","1958-05","4.82"
"USW00094823","PITTSBURGH INTERNATIONAL AIRPORT, PA US","1958-06","2.74"
"USW00094823","PITTSBURGH INTERNATIONAL AIRPORT, PA US","1958-07","7.43"
"USW00094823","PITTSBURGH INTERNATIONAL AIRPORT, PA US","1958-08","3.72"
"USW00094823","PITTSBURGH INTERNATIONAL AIRPORT, PA US","1958-09","4.52"
"USW00094823","PITTSBURGH INTERNATIONAL AIRPORT, PA US","1958-10","0.97"
"USW00094823","PITTSBURGH INTERNATIONAL AIRPORT, PA US","1958-11","2.46"
"USW00094823","PITTSBURGH INTERNATIONAL AIRPORT, PA US","1958-12","1.11"
"USW00094823","PITTSBURGH INTERNATIONAL AIRPORT, PA US","1959-01","4.00"
"USW00094823","PITTSBURGH INTERNATIONAL AIRPORT, PA US","1959-02","2.15"
"USW00094823","PITTSBURGH INTERNATIONAL AIRPORT, PA US","1959-03","2.11"
"USW00094823","PITTSBURGH INTERNATIONAL AIRPORT, PA US","1959-04","3.33"
"USW00094823","PITTSBURGH INTERNATIONAL AIRPORT, PA US","1959-05","2.56"
"USW00094823","PITTSBURGH INTERNATIONAL AIRPORT, PA US","1959-06","3.70"
"USW00094823","PITTSBURGH INTERNATIONAL AIRPORT, PA US","1959-07","4.25"
"USW00094823","PITTSBURGH INTERNATIONAL AIRPORT, PA US","1959-08","4.04"
"USW00094823","PITTSBURGH INTERNATIONAL AIRPORT, PA US","1959-09","1.34"
"USW00094823","PITTSBURGH INTERNATIONAL AIRPORT, PA US","1959-10","5.94"
"USW00094823","PITTSBURGH INTERNATIONAL AIRPORT, PA US","1959-11","2.43"
"USW00094823","PITTSBURGH INTERNATIONAL AIRPORT, PA US","1959-12","2.78"
"USW00094823","PITTSBURGH INTERNATIONAL AIRPORT, PA US","1960-01","3.01"
"USW00094823","PITTSBURGH INTERNATIONAL AIRPORT, PA US","1960-02","3.16"
"USW00094823","PITTSBURGH INTERNATIONAL AIRPORT, PA US","1960-03","2.07"
"USW00094823","PITTSBURGH INTERNATIONAL AIRPORT, PA US","1960-04","1.37"
"USW00094823","PITTSBURGH INTERNATIONAL AIRPORT, PA US","1960-05","5.62"
"USW00094823","PITTSBURGH INTERNATIONAL AIRPORT, PA US","1960-06","2.72"
"USW00094823","PITTSBURGH INTERNATIONAL AIRPORT, PA US","1960-07","3.46"
"USW00094823","PITTSBURGH INTERNATIONAL AIRPORT, PA US","1960-08","3.56"
"USW00094823","PITTSBURGH INTERNATIONAL AIRPORT, PA US","1960-09","1.84"
"USW00094823","PITTSBURGH INTERNATIONAL AIRPORT, PA US","1960-10","1.65"
"USW00094823","PITTSBURGH INTERNATIONAL AIRPORT, PA US","1960-11","1.22"
"USW00094823","PITTSBURGH INTERNATIONAL AIRPORT, PA US","1960-12","1.65"
"USW00094823","PITTSBURGH INTERNATIONAL AIRPORT, PA US","1961-01","1.95"
"USW00094823","PITTSBURGH INTERNATIONAL AIRPORT, PA US","1961-02","3.13"
"USW00094823","PITTSBURGH INTERNATIONAL AIRPORT, PA US","1961-03","3.49"
"USW00094823","PITTSBURGH INTERNATIONAL AIRPORT, PA US","1961-04","5.22"
"USW00094823","PITTSBURGH INTERNATIONAL AIRPORT, PA US","1961-05","2.80"
"USW00094823","PITTSBURGH INTERNATIONAL AIRPORT, PA US","1961-06","4.21"
"USW00094823","PITTSBURGH INTERNATIONAL AIRPORT, PA US","1961-07","5.53"
"USW00094823","PITTSBURGH INTERNATIONAL AIRPORT, PA US","1961-08","2.11"
"USW00094823","PITTSBURGH INTERNATIONAL AIRPORT, PA US","1961-09","1.99"
"USW00094823","PITTSBURGH INTERNATIONAL AIRPORT, PA US","1961-10","2.58"
"USW00094823","PITTSBURGH INTERNATIONAL AIRPORT, PA US","1961-11","3.43"
"USW00094823","PITTSBURGH INTERNATIONAL AIRPORT, PA US","1961-12","1.72"
"USW00094823","PITTSBURGH INTERNATIONAL AIRPORT, PA US","1962-01","2.34"
"USW00094823","PITTSBURGH INTERNATIONAL AIRPORT, PA US","1962-02","3.56"
"USW00094823","PITTSBURGH INTERNATIONAL AIRPORT, PA US","1962-03","3.85"
"USW00094823","PITTSBURGH INTERNATIONAL AIRPORT, PA US","1962-04","3.02"
"USW00094823","PITTSBURGH INTERNATIONAL AIRPORT, PA US","1962-05","1.88"
"USW00094823","PITTSBURGH INTERNATIONAL AIRPORT, PA US","1962-06","1.81"
"USW00094823","PITTSBURGH INTERNATIONAL AIRPORT, PA US","1962-07","2.44"
"USW00094823","PITTSBURGH INTERNATIONAL AIRPORT, PA US","1962-08","2.57"
"USW00094823","PITTSBURGH INTERNATIONAL AIRPORT, PA US","1962-09","4.69"
"USW00094823","PITTSBURGH INTERNATIONAL AIRPORT, PA US","1962-10","2.11"
"USW00094823","PITTSBURGH INTERNATIONAL AIRPORT, PA US","1962-11","1.54"
"USW00094823","PITTSBURGH INTERNATIONAL AIRPORT, PA US","1962-12","1.84"
"USW00094823","PITTSBURGH INTERNATIONAL AIRPORT, PA US","1963-01","1.96"
"USW00094823","PITTSBURGH INTERNATIONAL AIRPORT, PA US","1963-02","2.09"
"USW00094823","PITTSBURGH INTERNATIONAL AIRPORT, PA US","1963-03","5.29"
"USW00094823","PITTSBURGH INTERNATIONAL AIRPORT, PA US","1963-04","2.39"
"USW00094823","PITTSBURGH INTERNATIONAL AIRPORT, PA US","1963-05","1.57"
"USW00094823","PITTSBURGH INTERNATIONAL AIRPORT, PA US","1963-06","2.40"
"USW00094823","PITTSBURGH INTERNATIONAL AIRPORT, PA US","1963-07","3.46"
"USW00094823","PITTSBURGH INTERNATIONAL AIRPORT, PA US","1963-08","2.31"
"USW00094823","PITTSBURGH INTERNATIONAL AIRPORT, PA US","1963-09","1.40"
"USW00094823","PITTSBURGH INTERNATIONAL AIRPORT, PA US","1963-10","0.16"
"USW00094823","PITTSBURGH INTERNATIONAL AIRPORT, PA US","1963-11","2.54"
"USW00094823","PITTSBURGH INTERNATIONAL AIRPORT, PA US","1963-12","1.25"
"USW00094823","PITTSBURGH INTERNATIONAL AIRPORT, PA US","1964-01","2.56"
"USW00094823","PITTSBURGH INTERNATIONAL AIRPORT, PA US","1964-02","1.74"
"USW00094823","PITTSBURGH INTERNATIONAL AIRPORT, PA US","1964-03","4.96"
"USW00094823","PITTSBURGH INTERNATIONAL AIRPORT, PA US","1964-04","7.61"
"USW00094823","PITTSBURGH INTERNATIONAL AIRPORT, PA US","1964-05","1.78"
"USW00094823","PITTSBURGH INTERNATIONAL AIRPORT, PA US","1964-06","3.85"
"USW00094823","PITTSBURGH INTERNATIONAL AIRPORT, PA US","1964-07","4.48"
"USW00094823","PITTSBURGH INTERNATIONAL AIRPORT, PA US","1964-08","1.79"
"USW00094823","PITTSBURGH INTERNATIONAL AIRPORT, PA US","1964-09","0.74"
"USW00094823","PITTSBURGH INTERNATIONAL AIRPORT, PA US","1964-10","1.42"
"USW00094823","PITTSBURGH INTERNATIONAL AIRPORT, PA US","1964-11","2.74"
"USW00094823","PITTSBURGH INTERNATIONAL AIRPORT, PA US","1964-12","4.27"
"USW00094823","PITTSBURGH INTERNATIONAL AIRPORT, PA US","1965-01","3.84"
"USW00094823","PITTSBURGH INTERNATIONAL AIRPORT, PA US","1965-02","2.98"
"USW00094823","PITTSBURGH INTERNATIONAL AIRPORT, PA US","1965-03","3.17"
"USW00094823","PITTSBURGH INTERNATIONAL AIRPORT, PA US","1965-04","1.79"
"USW00094823","PITTSBURGH INTERNATIONAL AIRPORT, PA US","1965-05","1.21"
"USW00094823","PITTSBURGH INTERNATIONAL AIRPORT, PA US","1965-06","2.31"
"USW00094823","PITTSBURGH INTERNATIONAL AIRPORT, PA US","1965-07","1.82"
"USW00094823","PITTSBURGH INTERNATIONAL AIRPORT, PA US","1965-08","3.26"
"USW00094823","PITTSBURGH INTERNATIONAL AIRPORT, PA US","1965-09","4.07"
"USW00094823","PITTSBURGH INTERNATIONAL AIRPORT, PA US","1965-10","2.82"
"USW00094823","PITTSBURGH INTERNATIONAL AIRPORT, PA US","1965-11","2.34"
"USW00094823","PITTSBURGH INTERNATIONAL AIRPORT, PA US","1965-12","0.63"
"USW00094823","PITTSBURGH INTERNATIONAL AIRPORT, PA US","1966-01","4.52"
"USW00094823","PITTSBURGH INTERNATIONAL AIRPORT, PA US","1966-02","3.24"
"USW00094823","PITTSBURGH INTERNATIONAL AIRPORT, PA US","1966-03","1.88"
"USW00094823","PITTSBURGH INTERNATIONAL AIRPORT, PA US","1966-04","3.73"
"USW00094823","PITTSBURGH INTERNATIONAL AIRPORT, PA US","1966-05","2.76"
"USW00094823","PITTSBURGH INTERNATIONAL AIRPORT, PA US","1966-06","1.72"
"USW00094823","PITTSBURGH INTERNATIONAL AIRPORT, PA US","1966-07","2.70"
"USW00094823","PITTSBURGH INTERNATIONAL AIRPORT, PA US","1966-08","5.13"
"USW00094823","PITTSBURGH INTERNATIONAL AIRPORT, PA US","1966-09","1.92"
"USW00094823","PITTSBURGH INTERNATIONAL AIRPORT, PA US","1966-10","1.38"
"USW00094823","PITTSBURGH INTERNATIONAL AIRPORT, PA US","1966-11","3.40"
"USW00094823","PITTSBURGH INTERNATIONAL AIRPORT, PA US","1966-12","1.70"
"USW00094823","PITTSBURGH INTERNATIONAL AIRPORT, PA US","1967-01","1.06"
"USW00094823","PITTSBURGH INTERNATIONAL AIRPORT, PA US","1967-02","2.54"
"USW00094823","PITTSBURGH INTERNATIONAL AIRPORT, PA US","1967-03","6.09"
"USW00094823","PITTSBURGH INTERNATIONAL AIRPORT, PA US","1967-04","4.41"
"USW00094823","PITTSBURGH INTERNATIONAL AIRPORT, PA US","1967-05","5.20"
"USW00094823","PITTSBURGH INTERNATIONAL AIRPORT, PA US","1967-06","0.90"
"USW00094823","PITTSBURGH INTERNATIONAL AIRPORT, PA US","1967-07","4.54"
"USW00094823","PITTSBURGH INTERNATIONAL AIRPORT, PA US","1967-08","2.67"
"USW00094823","PITTSBURGH INTERNATIONAL AIRPORT, PA US","1967-09","1.61"
"USW00094823","PITTSBURGH INTERNATIONAL AIRPORT, PA US","1967-10","2.05"
"USW00094823","PITTSBURGH INTERNATIONAL AIRPORT, PA US","1967-11","3.07"
"USW00094823","PITTSBURGH INTERNATIONAL AIRPORT, PA US","1967-12","2.22"
"USW00094823","PITTSBURGH INTERNATIONAL AIRPORT, PA US","1968-01","2.83"
"USW00094823","PITTSBURGH INTERNATIONAL AIRPORT, PA US","1968-02","0.79"
"USW00094823","PITTSBURGH INTERNATIONAL AIRPORT, PA US","1968-03","4.53"
"USW00094823","PITTSBURGH INTERNATIONAL AIRPORT, PA US","1968-04","2.33"
"USW00094823","PITTSBURGH INTERNATIONAL AIRPORT, PA US","1968-05","6.36"
"USW00094823","PITTSBURGH INTERNATIONAL AIRPORT, PA US","1968-06","2.39"
"USW00094823","PITTSBURGH INTERNATIONAL AIRPORT, PA US","1968-07","2.36"
"USW00094823","PITTSBURGH INTERNATIONAL AIRPORT, PA US","1968-08","3.97"
"USW00094823","PITTSBURGH INTERNATIONAL AIRPORT, PA US","1968-09","3.08"
"USW00094823","PITTSBURGH INTERNATIONAL AIRPORT, PA US","1968-10","2.12"
"USW00094823","PITTSBURGH INTERNATIONAL AIRPORT, PA US","1968-11","2.07"
"USW00094823","PITTSBURGH INTERNATIONAL AIRPORT, PA US","1968-12","3.25"
"USW00094823","PITTSBURGH INTERNATIONAL AIRPORT, PA US","1969-01","2.03"
"USW00094823","PITTSBURGH INTERNATIONAL AIRPORT, PA US","1969-02","0.52"
"USW00094823","PITTSBURGH INTERNATIONAL AIRPORT, PA US","1969-03","1.15"
"USW00094823","PITTSBURGH INTERNATIONAL AIRPORT, PA US","1969-04","2.91"
"USW00094823","PITTSBURGH INTERNATIONAL AIRPORT, PA US","1969-05","1.89"
"USW00094823","PITTSBURGH INTERNATIONAL AIRPORT, PA US","1969-06","3.74"
"USW00094823","PITTSBURGH INTERNATIONAL AIRPORT, PA US","1969-07","4.53"
"USW00094823","PITTSBURGH INTERNATIONAL AIRPORT, PA US","1969-08","2.96"
"USW00094823","PITTSBURGH INTERNATIONAL AIRPORT, PA US","1969-09","0.91"
"USW00094823","PITTSBURGH INTERNATIONAL AIRPORT, PA US","1969-10","2.59"
"USW00094823","PITTSBURGH INTERNATIONAL AIRPORT, PA US","1969-11","2.44"
"USW00094823","PITTSBURGH INTERNATIONAL AIRPORT, PA US","1969-12","3.96"
"USW00094823","PITTSBURGH INTERNATIONAL AIRPORT, PA US","1970-01","1.61"
"USW00094823","PITTSBURGH INTERNATIONAL AIRPORT, PA US","1970-02","1.92"
"USW00094823","PITTSBURGH INTERNATIONAL AIRPORT, PA US","1970-03","3.36"
"USW00094823","PITTSBURGH INTERNATIONAL AIRPORT, PA US","1970-04","3.09"
"USW00094823","PITTSBURGH INTERNATIONAL AIRPORT, PA US","1970-05","4.36"
"USW00094823","PITTSBURGH INTERNATIONAL AIRPORT, PA US","1970-06","4.62"
"USW00094823","PITTSBURGH INTERNATIONAL AIRPORT, PA US","1970-07","3.89"
"USW00094823","PITTSBURGH INTERNATIONAL AIRPORT, PA US","1970-08","1.56"
"USW00094823","PITTSBURGH INTERNATIONAL AIRPORT, PA US","1970-09","2.78"
"USW00094823","PITTSBURGH INTERNATIONAL AIRPORT, PA US","1970-10","4.80"
"USW00094823","PITTSBURGH INTERNATIONAL AIRPORT, PA US","1970-11","2.65"
"USW00094823","PITTSBURGH INTERNATIONAL AIRPORT, PA US","1970-12","3.30"
"USW00094823","PITTSBURGH INTERNATIONAL AIRPORT, PA US","1971-01","2.30"
"USW00094823","PITTSBURGH INTERNATIONAL AIRPORT, PA US","1971-02","4.03"
"USW00094823","PITTSBURGH INTERNATIONAL AIRPORT, PA US","1971-03","3.21"
"USW00094823","PITTSBURGH INTERNATIONAL AIRPORT, PA US","1971-04","0.48"
"USW00094823","PITTSBURGH INTERNATIONAL AIRPORT, PA US","1971-05","3.88"
"USW00094823","PITTSBURGH INTERNATIONAL AIRPORT, PA US","1971-06","1.42"
"USW00094823","PITTSBURGH INTERNATIONAL AIRPORT, PA US","1971-07","6.83"
"USW00094823","PITTSBURGH INTERNATIONAL AIRPORT, PA US","1971-08","1.24"
"USW00094823","PITTSBURGH INTERNATIONAL AIRPORT, PA US","1971-09","3.87"
"USW00094823","PITTSBURGH INTERNATIONAL AIRPORT, PA US","1971-10","0.84"
"USW00094823","PITTSBURGH INTERNATIONAL AIRPORT, PA US","1971-11","1.93"
"USW00094823","PITTSBURGH INTERNATIONAL AIRPORT, PA US","1971-12","3.24"
"USW00094823","PITTSBURGH INTERNATIONAL AIRPORT, PA US","1972-01","1.84"
"USW00094823","PITTSBURGH INTERNATIONAL AIRPORT, PA US","1972-02","3.64"
"USW00094823","PITTSBURGH INTERNATIONAL AIRPORT, PA US","1972-03","3.69"
"USW00094823","PITTSBURGH INTERNATIONAL AIRPORT, PA US","1972-04","4.38"
"USW00094823","PITTSBURGH INTERNATIONAL AIRPORT, PA US","1972-05","1.39"
"USW00094823","PITTSBURGH INTERNATIONAL AIRPORT, PA US","1972-06","5.09"
"USW00094823","PITTSBURGH INTERNATIONAL AIRPORT, PA US","1972-07","2.99"
"USW00094823","PITTSBURGH INTERNATIONAL AIRPORT, PA US","1972-08","1.80"
"USW00094823","PITTSBURGH INTERNATIONAL AIRPORT, PA US","1972-09","5.42"
"USW00094823","PITTSBURGH INTERNATIONAL AIRPORT, PA US","1972-10","2.15"
"USW00094823","PITTSBURGH INTERNATIONAL AIRPORT, PA US","1972-11","4.70"
"USW00094823","PITTSBURGH INTERNATIONAL AIRPORT, PA US","1972-12","3.05"
"USW00094823","PITTSBURGH INTERNATIONAL AIRPORT, PA US","1973-01","2.04"
"USW00094823","PITTSBURGH INTERNATIONAL AIRPORT, PA US","1973-02","1.81"
"USW00094823","PITTSBURGH INTERNATIONAL AIRPORT, PA US","1973-03","3.86"
"USW00094823","PITTSBURGH INTERNATIONAL AIRPORT, PA US","1973-04","4.70"
"USW00094823","PITTSBURGH INTERNATIONAL AIRPORT, PA US","1973-05","5.87"
"USW00094823","PITTSBURGH INTERNATIONAL AIRPORT, PA US","1973-06","3.13"
"USW00094823","PITTSBURGH INTERNATIONAL AIRPORT, PA US","1973-07","2.17"
"USW00094823","PITTSBURGH INTERNATIONAL AIRPORT, PA US","1973-08","3.40"
"USW00094823","PITTSBURGH INTERNATIONAL AIRPORT, PA US","1973-09","3.56"
"USW00094823","PITTSBURGH INTERNATIONAL AIRPORT, PA US","1973-10","4.44"
"USW00094823","PITTSBURGH INTERNATIONAL AIRPORT, PA US","1973-11","2.65"
"USW00094823","PITTSBURGH INTERNATIONAL AIRPORT, PA US","1973-12","2.16"
"USW00094823","PITTSBURGH INTERNATIONAL AIRPORT, PA US","1974-01","3.48"
"USW00094823","PITTSBURGH INTERNATIONAL AIRPORT, PA US","1974-02","2.11"
"USW00094823","PITTSBURGH INTERNATIONAL AIRPORT, PA US","1974-03","3.72"
"USW00094823","PITTSBURGH INTERNATIONAL AIRPORT, PA US","1974-04","3.27"
"USW00094823","PITTSBURGH INTERNATIONAL AIRPORT, PA US","1974-05","5.35"
"USW00094823","PITTSBURGH INTERNATIONAL AIRPORT, PA US","1974-06","5.07"
"USW00094823","PITTSBURGH INTERNATIONAL AIRPORT, PA US","1974-07","3.30"
"USW00094823","PITTSBURGH INTERNATIONAL AIRPORT, PA US","1974-08","2.94"
"USW00094823","PITTSBURGH INTERNATIONAL AIRPORT, PA US","1974-09","4.43"
"USW00094823","PITTSBURGH INTERNATIONAL AIRPORT, PA US","1974-10","1.12"
"USW00094823","PITTSBURGH INTERNATIONAL AIRPORT, PA US","1974-11","3.07"
"USW00094823","PITTSBURGH INTERNATIONAL AIRPORT, PA US","1974-12","4.04"
"USW00094823","PITTSBURGH INTERNATIONAL AIRPORT, PA US","1975-01","3.35"
"USW00094823","PITTSBURGH INTERNATIONAL AIRPORT, PA US","1975-02","4.65"
"USW00094823","PITTSBURGH INTERNATIONAL AIRPORT, PA US","1975-03","4.63"
"USW00094823","PITTSBURGH INTERNATIONAL AIRPORT, PA US","1975-04","2.28"
"USW00094823","PITTSBURGH INTERNATIONAL AIRPORT, PA US","1975-05","1.84"
"USW00094823","PITTSBURGH INTERNATIONAL AIRPORT, PA US","1975-06","4.58"
"USW00094823","PITTSBURGH INTERNATIONAL AIRPORT, PA US","1975-07","4.37"
"USW00094823","PITTSBURGH INTERNATIONAL AIRPORT, PA US","1975-08","7.56"
"USW00094823","PITTSBURGH INTERNATIONAL AIRPORT, PA US","1975-09","5.07"
"USW00094823","PITTSBURGH INTERNATIONAL AIRPORT, PA US","1975-10","3.46"
"USW00094823","PITTSBURGH INTERNATIONAL AIRPORT, PA US","1975-11","1.78"
"USW00094823","PITTSBURGH INTERNATIONAL AIRPORT, PA US","1975-12","2.90"
"USW00094823","PITTSBURGH INTERNATIONAL AIRPORT, PA US","1976-01","3.25"
"USW00094823","PITTSBURGH INTERNATIONAL AIRPORT, PA US","1976-02","1.75"
"USW00094823","PITTSBURGH INTERNATIONAL AIRPORT, PA US","1976-03","4.45"
"USW00094823","PITTSBURGH INTERNATIONAL AIRPORT, PA US","1976-04","1.24"
"USW00094823","PITTSBURGH INTERNATIONAL AIRPORT, PA US","1976-05","2.00"
"USW00094823","PITTSBURGH INTERNATIONAL AIRPORT, PA US","1976-06","3.37"
"USW00094823","PITTSBURGH INTERNATIONAL AIRPORT, PA US","1976-07","4.72"
"USW00094823","PITTSBURGH INTERNATIONAL AIRPORT, PA US","1976-08","1.25"
"USW00094823","PITTSBURGH INTERNATIONAL AIRPORT, PA US","1976-09","3.30"
"USW00094823","PITTSBURGH INTERNATIONAL AIRPORT, PA US","1976-10","3.77"
"USW00094823","PITTSBURGH INTERNATIONAL AIRPORT, PA US","1976-11","0.90"
"USW00094823","PITTSBURGH INTERNATIONAL AIRPORT, PA US","1976-12","1.82"
"USW00094823","PITTSBURGH INTERNATIONAL AIRPORT, PA US","1977-01","2.07"
"USW00094823","PITTSBURGH INTERNATIONAL AIRPORT, PA US","1977-02","0.87"
"USW00094823","PITTSBURGH INTERNATIONAL AIRPORT, PA US","1977-03","4.11"
"USW00094823","PITTSBURGH INTERNATIONAL AIRPORT, PA US","1977-04","3.26"
"USW00094823","PITTSBURGH INTERNATIONAL AIRPORT, PA US","1977-05","2.57"
"USW00094823","PITTSBURGH INTERNATIONAL AIRPORT, PA US","1977-06","2.85"
"USW00094823","PITTSBURGH INTERNATIONAL AIRPORT, PA US","1977-07","3.38"
"USW00094823","PITTSBURGH INTERNATIONAL AIRPORT, PA US","1977-08","2.66"
"USW00094823","PITTSBURGH INTERNATIONAL AIRPORT, PA US","1977-09","3.14"
"USW00094823","PITTSBURGH INTERNATIONAL AIRPORT, PA US","1977-10","2.44"
"USW00094823","PITTSBURGH INTERNATIONAL AIRPORT, PA US","1977-11","2.59"
"USW00094823","PITTSBURGH INTERNATIONAL AIRPORT, PA US","1977-12","3.28"
"USW00094823","PITTSBURGH INTERNATIONAL AIRPORT, PA US","1978-01","6.26"
"USW00094823","PITTSBURGH INTERNATIONAL AIRPORT, PA US","1978-02","0.54"
"USW00094823","PITTSBURGH INTERNATIONAL AIRPORT, PA US","1978-03","1.65"
"USW00094823","PITTSBURGH INTERNATIONAL AIRPORT, PA US","1978-04","2.25"
"USW00094823","PITTSBURGH INTERNATIONAL AIRPORT, PA US","1978-05","4.26"
"USW00094823","PITTSBURGH INTERNATIONAL AIRPORT, PA US","1978-06","4.12"
"USW00094823","PITTSBURGH INTERNATIONAL AIRPORT, PA US","1978-07","2.15"
"USW00094823","PITTSBURGH INTERNATIONAL AIRPORT, PA US","1978-08","3.65"
"USW00094823","PITTSBURGH INTERNATIONAL AIRPORT, PA US","1978-09","2.64"
"USW00094823","PITTSBURGH INTERNATIONAL AIRPORT, PA US","1978-10","3.43"
"USW00094823","PITTSBURGH INTERNATIONAL AIRPORT, PA US","1978-11","1.62"
"USW00094823","PITTSBURGH INTERNATIONAL AIRPORT, PA US","1978-12","5.24"
"USW00094823","PITTSBURGH INTERNATIONAL AIRPORT, PA US","1979-01","4.80"
"USW00094823","PITTSBURGH INTERNATIONAL AIRPORT, PA US","1979-02","3.13"
"USW00094823","PITTSBURGH INTERNATIONAL AIRPORT, PA US","1979-03","1.32"
"USW00094823","PITTSBURGH INTERNATIONAL AIRPORT, PA US","1979-04","3.17"
"USW00094823","PITTSBURGH INTERNATIONAL AIRPORT, PA US","1979-05","4.49"
"USW00094823","PITTSBURGH INTERNATIONAL AIRPORT, PA US","1979-06","1.73"
"USW00094823","PITTSBURGH INTERNATIONAL AIRPORT, PA US","1979-07","4.31"
"USW00094823","PITTSBURGH INTERNATIONAL AIRPORT, PA US","1979-08","6.84"
"USW00094823","PITTSBURGH INTERNATIONAL AIRPORT, PA US","1979-09","3.59"
"USW00094823","PITTSBURGH INTERNATIONAL AIRPORT, PA US","1979-10","2.47"
"USW00094823","PITTSBURGH INTERNATIONAL AIRPORT, PA US","1979-11","2.44"
"USW00094823","PITTSBURGH INTERNATIONAL AIRPORT, PA US","1979-12","2.30"
"USW00094823","PITTSBURGH INTERNATIONAL AIRPORT, PA US","1980-01","1.56"
"USW00094823","PITTSBURGH INTERNATIONAL AIRPORT, PA US","1980-02","1.32"
"USW00094823","PITTSBURGH INTERNATIONAL AIRPORT, PA US","1980-03","5.65"
"USW00094823","PITTSBURGH INTERNATIONAL AIRPORT, PA US","1980-04","2.94"
"USW00094823","PITTSBURGH INTERNATIONAL AIRPORT, PA US","1980-05","4.31"
"USW00094823","PITTSBURGH INTERNATIONAL AIRPORT, PA US","1980-06","4.35"
"USW00094823","PITTSBURGH INTERNATIONAL AIRPORT, PA US","1980-07","6.76"
"USW00094823","PITTSBURGH INTERNATIONAL AIRPORT, PA US","1980-08","5.11"
"USW00094823","PITTSBURGH INTERNATIONAL AIRPORT, PA US","1980-09","1.30"
"USW00094823","PITTSBURGH INTERNATIONAL AIRPORT, PA US","1980-10","2.41"
"USW00094823","PITTSBURGH INTERNATIONAL AIRPORT, PA US","1980-11","2.38"
"USW00094823","PITTSBURGH INTERNATIONAL AIRPORT, PA US","1980-12","1.38"
"USW00094823","PITTSBURGH INTERNATIONAL AIRPORT, PA US","1981-01","0.79"
"USW00094823","PITTSBURGH INTERNATIONAL AIRPORT, PA US","1981-02","4.20"
"USW00094823","PITTSBURGH INTERNATIONAL AIRPORT, PA US","1981-03","2.13"
"USW00094823","PITTSBURGH INTERNATIONAL AIRPORT, PA US","1981-04","4.93"
"USW00094823","PITTSBURGH INTERNATIONAL AIRPORT, PA US","1981-05","2.04"
"USW00094823","PITTSBURGH INTERNATIONAL AIRPORT, PA US","1981-06","8.20"
"USW00094823","PITTSBURGH INTERNATIONAL AIRPORT, PA US","1981-07","3.82"
"USW00094823","PITTSBURGH INTERNATIONAL AIRPORT, PA US","1981-08","0.98"
"USW00094823","PITTSBURGH INTERNATIONAL AIRPORT, PA US","1981-09","4.13"
"USW00094823","PITTSBURGH INTERNATIONAL AIRPORT, PA US","1981-10","1.82"
"USW00094823","PITTSBURGH INTERNATIONAL AIRPORT, PA US","1981-11","1.50"
"USW00094823","PITTSBURGH INTERNATIONAL AIRPORT, PA US","1981-12","3.01"
"USW00094823","PITTSBURGH INTERNATIONAL AIRPORT, PA US","1982-01","4.45"
"USW00094823","PITTSBURGH INTERNATIONAL AIRPORT, PA US","1982-02","1.93"
"USW00094823","PITTSBURGH INTERNATIONAL AIRPORT, PA US","1982-03","3.52"
"USW00094823","PITTSBURGH INTERNATIONAL AIRPORT, PA US","1982-04","1.44"
"USW00094823","PITTSBURGH INTERNATIONAL AIRPORT, PA US","1982-05","3.98"
"USW00094823","PITTSBURGH INTERNATIONAL AIRPORT, PA US","1982-06","3.05"
"USW00094823","PITTSBURGH INTERNATIONAL AIRPORT, PA US","1982-07","2.36"
"USW00094823","PITTSBURGH INTERNATIONAL AIRPORT, PA US","1982-08","1.96"
"USW00094823","PITTSBURGH INTERNATIONAL AIRPORT, PA US","1982-09","2.80"
"USW00094823","PITTSBURGH INTERNATIONAL AIRPORT, PA US","1982-10","0.40"
"USW00094823","PITTSBURGH INTERNATIONAL AIRPORT, PA US","1982-11","3.34"
"USW00094823","PITTSBURGH INTERNATIONAL AIRPORT, PA US","1982-12","2.80"
"USW00094823","PITTSBURGH INTERNATIONAL AIRPORT, PA US","1983-01","1.19"
"USW00094823","PITTSBURGH INTERNATIONAL AIRPORT, PA US","1983-02","1.58"
"USW00094823","PITTSBURGH INTERNATIONAL AIRPORT, PA US","1983-03","3.50"
"USW00094823","PITTSBURGH INTERNATIONAL AIRPORT, PA US","1983-04","4.33"
"USW00094823","PITTSBURGH INTERNATIONAL AIRPORT, PA US","1983-05","5.23"
"USW00094823","PITTSBURGH INTERNATIONAL AIRPORT, PA US","1983-06","4.82"
"USW00094823","PITTSBURGH INTERNATIONAL AIRPORT, PA US","1983-07","3.32"
"USW00094823","PITTSBURGH INTERNATIONAL AIRPORT, PA US","1983-08","3.13"
"USW00094823","PITTSBURGH INTERNATIONAL AIRPORT, PA US","1983-09","2.42"
"USW00094823","PITTSBURGH INTERNATIONAL AIRPORT, PA US","1983-10","3.67"
"USW00094823","PITTSBURGH INTERNATIONAL AIRPORT, PA US","1983-11","3.94"
"USW00094823","PITTSBURGH INTERNATIONAL AIRPORT, PA US","1983-12","4.27"
"USW00094823","PITTSBURGH INTERNATIONAL AIRPORT, PA US","1984-01","1.41"
"USW00094823","PITTSBURGH INTERNATIONAL AIRPORT, PA US","1984-02","2.06"
"USW00094823","PITTSBURGH INTERNATIONAL AIRPORT, PA US","1984-03","2.33"
"USW00094823","PITTSBURGH INTERNATIONAL AIRPORT, PA US","1984-04","3.73"
"USW00094823","PITTSBURGH INTERNATIONAL AIRPORT, PA US","1984-05","5.23"
"USW00094823","PITTSBURGH INTERNATIONAL AIRPORT, PA US","1984-06","1.98"
"USW00094823","PITTSBURGH INTERNATIONAL AIRPORT, PA US","1984-07","3.01"
"USW00094823","PITTSBURGH INTERNATIONAL AIRPORT, PA US","1984-08","5.16"
"USW00094823","PITTSBURGH INTERNATIONAL AIRPORT, PA US","1984-09","0.84"
"USW00094823","PITTSBURGH INTERNATIONAL AIRPORT, PA US","1984-10","3.46"
"USW00094823","PITTSBURGH INTERNATIONAL AIRPORT, PA US","1984-11","3.14"
"USW00094823","PITTSBURGH INTERNATIONAL AIRPORT, PA US","1984-12","3.04"
"USW00094823","PITTSBURGH INTERNATIONAL AIRPORT, PA US","1985-01","1.44"
"USW00094823","PITTSBURGH INTERNATIONAL AIRPORT, PA US","1985-02","1.46"
"USW00094823","PITTSBURGH INTERNATIONAL AIRPORT, PA US","1985-03","3.38"
"USW00094823","PITTSBURGH INTERNATIONAL AIRPORT, PA US","1985-04","1.65"
"USW00094823","PITTSBURGH INTERNATIONAL AIRPORT, PA US","1985-05","5.80"
"USW00094823","PITTSBURGH INTERNATIONAL AIRPORT, PA US","1985-06","2.27"
"USW00094823","PITTSBURGH INTERNATIONAL AIRPORT, PA US","1985-07","4.06"
"USW00094823","PITTSBURGH INTERNATIONAL AIRPORT, PA US","1985-08","2.64"
"USW00094823","PITTSBURGH INTERNATIONAL AIRPORT, PA US","1985-09","0.28"
"USW00094823","PITTSBURGH INTERNATIONAL AIRPORT, PA US","1985-10","2.28"
"USW00094823","PITTSBURGH INTERNATIONAL AIRPORT, PA US","1985-11","11.05"
"USW00094823","PITTSBURGH INTERNATIONAL AIRPORT, PA US","1985-12","2.26"
"USW00094823","PITTSBURGH INTERNATIONAL AIRPORT, PA US","1986-01","2.50"
"USW00094823","PITTSBURGH INTERNATIONAL AIRPORT, PA US","1986-02","3.43"
"USW00094823","PITTSBURGH INTERNATIONAL AIRPORT, PA US","1986-03","1.38"
"USW00094823","PITTSBURGH INTERNATIONAL AIRPORT, PA US","1986-04","1.94"
"USW00094823","PITTSBURGH INTERNATIONAL AIRPORT, PA US","1986-05","1.67"
"USW00094823","PITTSBURGH INTERNATIONAL AIRPORT, PA US","1986-06","5.24"
"USW00094823","PITTSBURGH INTERNATIONAL AIRPORT, PA US","1986-07","5.67"
"USW00094823","PITTSBURGH INTERNATIONAL AIRPORT, PA US","1986-08","3.04"
"USW00094823","PITTSBURGH INTERNATIONAL AIRPORT, PA US","1986-09","2.33"
"USW00094823","PITTSBURGH INTERNATIONAL AIRPORT, PA US","1986-10","2.83"
"USW00094823","PITTSBURGH INTERNATIONAL AIRPORT, PA US","1986-11","3.92"
"USW00094823","PITTSBURGH INTERNATIONAL AIRPORT, PA US","1986-12","3.47"
"USW00094823","PITTSBURGH INTERNATIONAL AIRPORT, PA US","1987-01","2.24"
"USW00094823","PITTSBURGH INTERNATIONAL AIRPORT, PA US","1987-02","0.71"
"USW00094823","PITTSBURGH INTERNATIONAL AIRPORT, PA US","1987-03","2.65"
"USW00094823","PITTSBURGH INTERNATIONAL AIRPORT, PA US","1987-04","5.31"
"USW00094823","PITTSBURGH INTERNATIONAL AIRPORT, PA US","1987-05","2.41"
"USW00094823","PITTSBURGH INTERNATIONAL AIRPORT, PA US","1987-06","6.30"
"USW00094823","PITTSBURGH INTERNATIONAL AIRPORT, PA US","1987-07","2.42"
"USW00094823","PITTSBURGH INTERNATIONAL AIRPORT, PA US","1987-08","7.86"
"USW00094823","PITTSBURGH INTERNATIONAL AIRPORT, PA US","1987-09","3.97"
"USW00094823","PITTSBURGH INTERNATIONAL AIRPORT, PA US","1987-10","0.93"
"USW00094823","PITTSBURGH INTERNATIONAL AIRPORT, PA US","1987-11","2.02"
"USW00094823","PITTSBURGH INTERNATIONAL AIRPORT, PA US","1987-12","2.42"
"USW00094823","PITTSBURGH INTERNATIONAL AIRPORT, PA US","1988-01","1.50"
"USW00094823","PITTSBURGH INTERNATIONAL AIRPORT, PA US","1988-02","3.47"
"USW00094823","PITTSBURGH INTERNATIONAL AIRPORT, PA US","1988-03","2.56"
"USW00094823","PITTSBURGH INTERNATIONAL AIRPORT, PA US","1988-04","1.98"
"USW00094823","PITTSBURGH INTERNATIONAL AIRPORT, PA US","1988-05","2.78"
"USW00094823","PITTSBURGH INTERNATIONAL AIRPORT, PA US","1988-06","1.26"
"USW00094823","PITTSBURGH INTERNATIONAL AIRPORT, PA US","1988-07","2.82"
"USW00094823","PITTSBURGH INTERNATIONAL AIRPORT, PA US","1988-08","2.04"
"USW00094823","PITTSBURGH INTERNATIONAL AIRPORT, PA US","1988-09","2.34"
"USW00094823","PITTSBURGH INTERNATIONAL AIRPORT, PA US","1988-10","1.41"
"USW00094823","PITTSBURGH INTERNATIONAL AIRPORT, PA US","1988-11","2.81"
"USW00094823","PITTSBURGH INTERNATIONAL AIRPORT, PA US","1988-12","2.17"
"USW00094823","PITTSBURGH INTERNATIONAL AIRPORT, PA US","1989-01","1.99"
"USW00094823","PITTSBURGH INTERNATIONAL AIRPORT, PA US","1989-02","3.43"
"USW00094823","PITTSBURGH INTERNATIONAL AIRPORT, PA US","1989-03","5.52"
"USW00094823","PITTSBURGH INTERNATIONAL AIRPORT, PA US","1989-04","1.43"
"USW00094823","PITTSBURGH INTERNATIONAL AIRPORT, PA US","1989-05","6.56"
"USW00094823","PITTSBURGH INTERNATIONAL AIRPORT, PA US","1989-06","10.29"
"USW00094823","PITTSBURGH INTERNATIONAL AIRPORT, PA US","1989-07","1.63"
"USW00094823","PITTSBURGH INTERNATIONAL AIRPORT, PA US","1989-08","1.12"
"USW00094823","PITTSBURGH INTERNATIONAL AIRPORT, PA US","1989-09","4.57"
"USW00094823","PITTSBURGH INTERNATIONAL AIRPORT, PA US","1989-10","2.04"
"USW00094823","PITTSBURGH INTERNATIONAL AIRPORT, PA US","1989-11","1.56"
"USW00094823","PITTSBURGH INTERNATIONAL AIRPORT, PA US","1989-12","2.39"
"USW00094823","PITTSBURGH INTERNATIONAL AIRPORT, PA US","1990-01","3.31"
"USW00094823","PITTSBURGH INTERNATIONAL AIRPORT, PA US","1990-02","3.31"
"USW00094823","PITTSBURGH INTERNATIONAL AIRPORT, PA US","1990-03","1.47"
"USW00094823","PITTSBURGH INTERNATIONAL AIRPORT, PA US","1990-04","3.48"
"USW00094823","PITTSBURGH INTERNATIONAL AIRPORT, PA US","1990-05","6.19"
"USW00094823","PITTSBURGH INTERNATIONAL AIRPORT, PA US","1990-06","4.24"
"USW00094823","PITTSBURGH INTERNATIONAL AIRPORT, PA US","1990-07","6.59"
"USW00094823","PITTSBURGH INTERNATIONAL AIRPORT, PA US","1990-08","3.59"
"USW00094823","PITTSBURGH INTERNATIONAL AIRPORT, PA US","1990-09","6.01"
"USW00094823","PITTSBURGH INTERNATIONAL AIRPORT, PA US","1990-10","3.52"
"USW00094823","PITTSBURGH INTERNATIONAL AIRPORT, PA US","1990-11","2.05"
"USW00094823","PITTSBURGH INTERNATIONAL AIRPORT, PA US","1990-12","8.51"
"USW00094823","PITTSBURGH INTERNATIONAL AIRPORT, PA US","1991-01","2.55"
"USW00094823","PITTSBURGH INTERNATIONAL AIRPORT, PA US","1991-02","1.89"
"USW00094823","PITTSBURGH INTERNATIONAL AIRPORT, PA US","1991-03","2.92"
"USW00094823","PITTSBURGH INTERNATIONAL AIRPORT, PA US","1991-04","2.56"
"USW00094823","PITTSBURGH INTERNATIONAL AIRPORT, PA US","1991-05","3.30"
"USW00094823","PITTSBURGH INTERNATIONAL AIRPORT, PA US","1991-06","3.82"
"USW00094823","PITTSBURGH INTERNATIONAL AIRPORT, PA US","1991-07","3.74"
"USW00094823","PITTSBURGH INTERNATIONAL AIRPORT, PA US","1991-08","1.63"
"USW00094823","PITTSBURGH INTERNATIONAL AIRPORT, PA US","1991-09","3.45"
"USW00094823","PITTSBURGH INTERNATIONAL AIRPORT, PA US","1991-10","0.56"
"USW00094823","PITTSBURGH INTERNATIONAL AIRPORT, PA US","1991-11","1.98"
"USW00094823","PITTSBURGH INTERNATIONAL AIRPORT, PA US","1991-12","3.67"
"USW00094823","PITTSBURGH INTERNATIONAL AIRPORT, PA US","1992-01","2.12"
"USW00094823","PITTSBURGH INTERNATIONAL AIRPORT, PA US","1992-02","1.74"
"USW00094823","PITTSBURGH INTERNATIONAL AIRPORT, PA US","1992-03","3.54"
"USW00094823","PITTSBURGH INTERNATIONAL AIRPORT, PA US","1992-04","2.30"
"USW00094823","PITTSBURGH INTERNATIONAL AIRPORT, PA US","1992-05","2.31"
"USW00094823","PITTSBURGH INTERNATIONAL AIRPORT, PA US","1992-06","0.65"
"USW00094823","PITTSBURGH INTERNATIONAL AIRPORT, PA US","1992-07","8.72"
"USW00094823","PITTSBURGH INTERNATIONAL AIRPORT, PA US","1992-08","4.78"
"USW00094823","PITTSBURGH INTERNATIONAL AIRPORT, PA US","1992-09","2.91"
"USW00094823","PITTSBURGH INTERNATIONAL AIRPORT, PA US","1992-10","1.47"
"USW00094823","PITTSBURGH INTERNATIONAL AIRPORT, PA US","1992-11","3.31"
"USW00094823","PITTSBURGH INTERNATIONAL AIRPORT, PA US","1992-12","2.84"
"USW00094823","PITTSBURGH INTERNATIONAL AIRPORT, PA US","1993-01","3.00"
"USW00094823","PITTSBURGH INTERNATIONAL AIRPORT, PA US","1993-02","2.93"
"USW00094823","PITTSBURGH INTERNATIONAL AIRPORT, PA US","1993-03","4.15"
"USW00094823","PITTSBURGH INTERNATIONAL AIRPORT, PA US","1993-04","3.66"
"USW00094823","PITTSBURGH INTERNATIONAL AIRPORT, PA US","1993-05","2.86"
"USW00094823","PITTSBURGH INTERNATIONAL AIRPORT, PA US","1993-06","3.35"
"USW00094823","PITTSBURGH INTERNATIONAL AIRPORT, PA US","1993-07","2.85"
"USW00094823","PITTSBURGH INTERNATIONAL AIRPORT, PA US","1993-08","2.44"
"USW00094823","PITTSBURGH INTERNATIONAL AIRPORT, PA US","1993-09","3.88"
"USW00094823","PITTSBURGH INTERNATIONAL AIRPORT, PA US","1993-10","2.78"
"USW00094823","PITTSBURGH INTERNATIONAL AIRPORT, PA US","1993-11","4.31"
"USW00094823","PITTSBURGH INTERNATIONAL AIRPORT, PA US","1993-12","2.13"
"USW00094823","PITTSBURGH INTERNATIONAL AIRPORT, PA US","1994-01","3.90"
"USW00094823","PITTSBURGH INTERNATIONAL AIRPORT, PA US","1994-02","2.13"
"USW00094823","PITTSBURGH INTERNATIONAL AIRPORT, PA US","1994-03","5.00"
"USW00094823","PITTSBURGH INTERNATIONAL AIRPORT, PA US","1994-04","3.72"
"USW00094823","PITTSBURGH INTERNATIONAL AIRPORT, PA US","1994-05","2.54"
"USW00094823","PITTSBURGH INTERNATIONAL AIRPORT, PA US","1994-06","2.92"
"USW00094823","PITTSBURGH INTERNATIONAL AIRPORT, PA US","1994-07","3.27"
"USW00094823","PITTSBURGH INTERNATIONAL AIRPORT, PA US","1994-08","7.75"
"USW00094823","PITTSBURGH INTERNATIONAL AIRPORT, PA US","1994-09","3.59"
"USW00094823","PITTSBURGH INTERNATIONAL AIRPORT, PA US","1994-10","0.88"
"USW00094823","PITTSBURGH INTERNATIONAL AIRPORT, PA US","1994-11","3.65"
"USW00094823","PITTSBURGH INTERNATIONAL AIRPORT, PA US","1994-12","2.01"
"USW00094823","PITTSBURGH INTERNATIONAL AIRPORT, PA US","1995-01","2.23"
"USW00094823","PITTSBURGH INTERNATIONAL AIRPORT, PA US","1995-02","1.74"
"USW00094823","PITTSBURGH INTERNATIONAL AIRPORT, PA US","1995-03","1.56"
"USW00094823","PITTSBURGH INTERNATIONAL AIRPORT, PA US","1995-04","1.70"
"USW00094823","PITTSBURGH INTERNATIONAL AIRPORT, PA US","1995-05","3.73"
"USW00094823","PITTSBURGH INTERNATIONAL AIRPORT, PA US","1995-06","3.75"
"USW00094823","PITTSBURGH INTERNATIONAL AIRPORT, PA US","1995-07","3.06"
"USW00094823","PITTSBURGH INTERNATIONAL AIRPORT, PA US","1995-08","1.75"
"USW00094823","PITTSBURGH INTERNATIONAL AIRPORT, PA US","1995-09","1.80"
"USW00094823","PITTSBURGH INTERNATIONAL AIRPORT, PA US","1995-10","3.24"
"USW00094823","PITTSBURGH INTERNATIONAL AIRPORT, PA US","1995-11","2.75"
"USW00094823","PITTSBURGH INTERNATIONAL AIRPORT, PA US","1995-12","1.62"
"USW00094823","PITTSBURGH INTERNATIONAL AIRPORT, PA US","1996-01","3.69"
"USW00094823","PITTSBURGH INTERNATIONAL AIRPORT, PA US","1996-02","2.55"
"USW00094823","PITTSBURGH INTERNATIONAL AIRPORT, PA US","1996-03","4.54"
"USW00094823","PITTSBURGH INTERNATIONAL AIRPORT, PA US","1996-04","4.42"
"USW00094823","PITTSBURGH INTERNATIONAL AIRPORT, PA US","1996-05","2.95"
"USW00094823","PITTSBURGH INTERNATIONAL AIRPORT, PA US","1996-06","7.96"
"USW00094823","PITTSBURGH INTERNATIONAL AIRPORT, PA US","1996-07","4.01"
"USW00094823","PITTSBURGH INTERNATIONAL AIRPORT, PA US","1996-08","2.00"
"USW00094823","PITTSBURGH INTERNATIONAL AIRPORT, PA US","1996-09","5.64"
"USW00094823","PITTSBURGH INTERNATIONAL AIRPORT, PA US","1996-10","2.96"
"USW00094823","PITTSBURGH INTERNATIONAL AIRPORT, PA US","1996-11","2.83"
"USW00094823","PITTSBURGH INTERNATIONAL AIRPORT, PA US","1996-12","1.99"
"USW00094823","PITTSBURGH INTERNATIONAL AIRPORT, PA US","1997-01","1.59"
"USW00094823","PITTSBURGH INTERNATIONAL AIRPORT, PA US","1997-02","1.15"
"USW00094823","PITTSBURGH INTERNATIONAL AIRPORT, PA US","1997-03","3.22"
"USW00094823","PITTSBURGH INTERNATIONAL AIRPORT, PA US","1997-04","1.57"
"USW00094823","PITTSBURGH INTERNATIONAL AIRPORT, PA US","1997-05","6.33"
"USW00094823","PITTSBURGH INTERNATIONAL AIRPORT, PA US","1997-06","3.95"
"USW00094823","PITTSBURGH INTERNATIONAL AIRPORT, PA US","1997-07","1.82"
"USW00094823","PITTSBURGH INTERNATIONAL AIRPORT, PA US","1997-08","3.80"
"USW00094823","PITTSBURGH INTERNATIONAL AIRPORT, PA US","1997-09","2.91"
"USW00094823","PITTSBURGH INTERNATIONAL AIRPORT, PA US","1997-10","0.95"
"USW00094823","PITTSBURGH INTERNATIONAL AIRPORT, PA US","1997-11","5.98"
"USW00094823","PITTSBURGH INTERNATIONAL AIRPORT, PA US","1997-12","1.30"
"USW00094823","PITTSBURGH INTERNATIONAL AIRPORT, PA US","1998-01","3.63"
"USW00094823","PITTSBURGH INTERNATIONAL AIRPORT, PA US","1998-02","2.57"
"USW00094823","PITTSBURGH INTERNATIONAL AIRPORT, PA US","1998-03","1.91"
"USW00094823","PITTSBURGH INTERNATIONAL AIRPORT, PA US","1998-04","5.00"
"USW00094823","PITTSBURGH INTERNATIONAL AIRPORT, PA US","1998-05","2.39"
"USW00094823","PITTSBURGH INTERNATIONAL AIRPORT, PA US","1998-06","6.72"
"USW00094823","PITTSBURGH INTERNATIONAL AIRPORT, PA US","1998-07","2.02"
"USW00094823","PITTSBURGH INTERNATIONAL AIRPORT, PA US","1998-08","3.32"
"USW00094823","PITTSBURGH INTERNATIONAL AIRPORT, PA US","1998-09","1.09"
"USW00094823","PITTSBURGH INTERNATIONAL AIRPORT, PA US","1998-10","2.27"
"USW00094823","PITTSBURGH INTERNATIONAL AIRPORT, PA US","1998-11","1.50"
"USW00094823","PITTSBURGH INTERNATIONAL AIRPORT, PA US","1998-12","1.81"
"USW00094823","PITTSBURGH INTERNATIONAL AIRPORT, PA US","1999-01","4.88"
"USW00094823","PITTSBURGH INTERNATIONAL AIRPORT, PA US","1999-02","2.43"
"USW00094823","PITTSBURGH INTERNATIONAL AIRPORT, PA US","1999-03","1.24"
"USW00094823","PITTSBURGH INTERNATIONAL AIRPORT, PA US","1999-04","4.19"
"USW00094823","PITTSBURGH INTERNATIONAL AIRPORT, PA US","1999-05","4.12"
"USW00094823","PITTSBURGH INTERNATIONAL AIRPORT, PA US","1999-06","1.68"
"USW00094823","PITTSBURGH INTERNATIONAL AIRPORT, PA US","1999-07","6.25"
"USW00094823","PITTSBURGH INTERNATIONAL AIRPORT, PA US","1999-08","2.22"
"USW00094823","PITTSBURGH INTERNATIONAL AIRPORT, PA US","1999-09","1.97"
"USW00094823","PITTSBURGH INTERNATIONAL AIRPORT, PA US","1999-10","1.55"
"USW00094823","PITTSBURGH INTERNATIONAL AIRPORT, PA US","1999-11","3.46"
"USW00094823","PITTSBURGH INTERNATIONAL AIRPORT, PA US","1999-12","2.25"
"USW00094823","PITTSBURGH INTERNATIONAL AIRPORT, PA US","2000-01","1.70"
"USW00094823","PITTSBURGH INTERNATIONAL AIRPORT, PA US","2000-02","2.54"
"USW00094823","PITTSBURGH INTERNATIONAL AIRPORT, PA US","2000-03","2.26"
"USW00094823","PITTSBURGH INTERNATIONAL AIRPORT, PA US","2000-04","3.15"
"USW00094823","PITTSBURGH INTERNATIONAL AIRPORT, PA US","2000-05","5.70"
"USW00094823","PITTSBURGH INTERNATIONAL AIRPORT, PA US","2000-06","5.65"
"USW00094823","PITTSBURGH INTERNATIONAL AIRPORT, PA US","2000-07","6.29"
"USW00094823","PITTSBURGH INTERNATIONAL AIRPORT, PA US","2000-08","3.67"
"USW00094823","PITTSBURGH INTERNATIONAL AIRPORT, PA US","2000-09","3.07"
"USW00094823","PITTSBURGH INTERNATIONAL AIRPORT, PA US","2000-10","2.09"
"USW00094823","PITTSBURGH INTERNATIONAL AIRPORT, PA US","2000-11","1.38"
"USW00094823","PITTSBURGH INTERNATIONAL AIRPORT, PA US","2000-12","2.64"
"USW00094823","PITTSBURGH INTERNATIONAL AIRPORT, PA US","2001-01","1.35"
"USW00094823","PITTSBURGH INTERNATIONAL AIRPORT, PA US","2001-02","1.10"
"USW00094823","PITTSBURGH INTERNATIONAL AIRPORT, PA US","2001-03","3.29"
"USW00094823","PITTSBURGH INTERNATIONAL AIRPORT, PA US","2001-04","3.75"
"USW00094823","PITTSBURGH INTERNATIONAL AIRPORT, PA US","2001-05","2.11"
"USW00094823","PITTSBURGH INTERNATIONAL AIRPORT, PA US","2001-06","3.44"
"USW00094823","PITTSBURGH INTERNATIONAL AIRPORT, PA US","2001-07","3.15"
"USW00094823","PITTSBURGH INTERNATIONAL AIRPORT, PA US","2001-08","7.12"
"USW00094823","PITTSBURGH INTERNATIONAL AIRPORT, PA US","2001-09","2.24"
"USW00094823","PITTSBURGH INTERNATIONAL AIRPORT, PA US","2001-10","2.33"
"USW00094823","PITTSBURGH INTERNATIONAL AIRPORT, PA US","2001-11","3.47"
"USW00094823","PITTSBURGH INTERNATIONAL AIRPORT, PA US","2001-12","2.43"
"USW00094823","PITTSBURGH INTERNATIONAL AIRPORT, PA US","2002-01","1.76"
"USW00094823","PITTSBURGH INTERNATIONAL AIRPORT, PA US","2002-02","1.17"
"USW00094823","PITTSBURGH INTERNATIONAL AIRPORT, PA US","2002-03","3.67"
"USW00094823","PITTSBURGH INTERNATIONAL AIRPORT, PA US","2002-04","3.05"
"USW00094823","PITTSBURGH INTERNATIONAL AIRPORT, PA US","2002-05","4.70"
"USW00094823","PITTSBURGH INTERNATIONAL AIRPORT, PA US","2002-06","2.63"
"USW00094823","PITTSBURGH INTERNATIONAL AIRPORT, PA US","2002-07","1.66"
"USW00094823","PITTSBURGH INTERNATIONAL AIRPORT, PA US","2002-08","2.89"
"USW00094823","PITTSBURGH INTERNATIONAL AIRPORT, PA US","2002-09","3.24"
"USW00094823","PITTSBURGH INTERNATIONAL AIRPORT, PA US","2002-10","2.98"
"USW00094823","PITTSBURGH INTERNATIONAL AIRPORT, PA US","2002-11","2.00"
"USW00094823","PITTSBURGH INTERNATIONAL AIRPORT, PA US","2002-12","2.58"
"USW00094823","PITTSBURGH INTERNATIONAL AIRPORT, PA US","2003-01","2.19"
"USW00094823","PITTSBURGH INTERNATIONAL AIRPORT, PA US","2003-02","2.87"
"USW00094823","PITTSBURGH INTERNATIONAL AIRPORT, PA US","2003-03","1.55"
"USW00094823","PITTSBURGH INTERNATIONAL AIRPORT, PA US","2003-04","2.46"
"USW00094823","PITTSBURGH INTERNATIONAL AIRPORT, PA US","2003-05","6.15"
"USW00094823","PITTSBURGH INTERNATIONAL AIRPORT, PA US","2003-06","3.87"
"USW00094823","PITTSBURGH INTERNATIONAL AIRPORT, PA US","2003-07","6.02"
"USW00094823","PITTSBURGH INTERNATIONAL AIRPORT, PA US","2003-08","3.17"
"USW00094823","PITTSBURGH INTERNATIONAL AIRPORT, PA US","2003-09","3.49"
"USW00094823","PITTSBURGH INTERNATIONAL AIRPORT, PA US","2003-10","2.57"
"USW00094823","PITTSBURGH INTERNATIONAL AIRPORT, PA US","2003-11","3.43"
"USW00094823","PITTSBURGH INTERNATIONAL AIRPORT, PA US","2003-12","3.35"
"USW00094823","PITTSBURGH INTERNATIONAL AIRPORT, PA US","2004-01","4.79"
"USW00094823","PITTSBURGH INTERNATIONAL AIRPORT, PA US","2004-02","2.45"
"USW00094823","PITTSBURGH INTERNATIONAL AIRPORT, PA US","2004-03","3.59"
"USW00094823","PITTSBURGH INTERNATIONAL AIRPORT, PA US","2004-04","4.49"
"USW00094823","PITTSBURGH INTERNATIONAL AIRPORT, PA US","2004-05","6.08"
"USW00094823","PITTSBURGH INTERNATIONAL AIRPORT, PA US","2004-06","5.01"
"USW00094823","PITTSBURGH INTERNATIONAL AIRPORT, PA US","2004-07","5.67"
"USW00094823","PITTSBURGH INTERNATIONAL AIRPORT, PA US","2004-08","6.14"
"USW00094823","PITTSBURGH INTERNATIONAL AIRPORT, PA US","2004-09","10.06"
"USW00094823","PITTSBURGH INTERNATIONAL AIRPORT, PA US","2004-10","3.35"
"USW00094823","PITTSBURGH INTERNATIONAL AIRPORT, PA US","2004-11","3.19"
"USW00094823","PITTSBURGH INTERNATIONAL AIRPORT, PA US","2004-12","2.61"
"USW00094823","PITTSBURGH INTERNATIONAL AIRPORT, PA US","2005-01","6.12"
"USW00094823","PITTSBURGH INTERNATIONAL AIRPORT, PA US","2005-02","3.04"
"USW00094823","PITTSBURGH INTERNATIONAL AIRPORT, PA US","2005-03","2.31"
"USW00094823","PITTSBURGH INTERNATIONAL AIRPORT, PA US","2005-04","3.72"
"USW00094823","PITTSBURGH INTERNATIONAL AIRPORT, PA US","2005-05","4.09"
"USW00094823","PITTSBURGH INTERNATIONAL AIRPORT, PA US","2005-06","3.35"
"USW00094823","PITTSBURGH INTERNATIONAL AIRPORT, PA US","2005-07","4.34"
"USW00094823","PITTSBURGH INTERNATIONAL AIRPORT, PA US","2005-08","3.72"
"USW00094823","PITTSBURGH INTERNATIONAL AIRPORT, PA US","2005-09","1.33"
"USW00094823","PITTSBURGH INTERNATIONAL AIRPORT, PA US","2005-10","3.47"
"USW00094823","PITTSBURGH INTERNATIONAL AIRPORT, PA US","2005-11","4.05"
"USW00094823","PITTSBURGH INTERNATIONAL AIRPORT, PA US","2005-12","1.74"
"USW00094823","PITTSBURGH INTERNATIONAL AIRPORT, PA US","2006-01","3.75"
"USW00094823","PITTSBURGH INTERNATIONAL AIRPORT, PA US","2006-02","1.75"
"USW00094823","PITTSBURGH INTERNATIONAL AIRPORT, PA US","2006-03","2.12"
"USW00094823","PITTSBURGH INTERNATIONAL AIRPORT, PA US","2006-04","3.00"
"USW00094823","PITTSBURGH INTERNATIONAL AIRPORT, PA US","2006-05","2.96"
"USW00094823","PITTSBURGH INTERNATIONAL AIRPORT, PA US","2006-06","4.38"
"USW00094823","PITTSBURGH INTERNATIONAL AIRPORT, PA US","2006-07","3.85"
"USW00094823","PITTSBURGH INTERNATIONAL AIRPORT, PA US","2006-08","1.60"
"USW00094823","PITTSBURGH INTERNATIONAL AIRPORT, PA US","2006-09","3.26"
"USW00094823","PITTSBURGH INTERNATIONAL AIRPORT, PA US","2006-10","4.84"
"USW00094823","PITTSBURGH INTERNATIONAL AIRPORT, PA US","2006-11","1.41"
"USW00094823","PITTSBURGH INTERNATIONAL AIRPORT, PA US","2006-12","2.02"
"USW00094823","PITTSBURGH INTERNATIONAL AIRPORT, PA US","2007-01","3.30"
"USW00094823","PITTSBURGH INTERNATIONAL AIRPORT, PA US","2007-02","1.98"
"USW00094823","PITTSBURGH INTERNATIONAL AIRPORT, PA US","2007-03","5.28"
"USW00094823","PITTSBURGH INTERNATIONAL AIRPORT, PA US","2007-04","4.31"
"USW00094823","PITTSBURGH INTERNATIONAL AIRPORT, PA US","2007-05","1.93"
"USW00094823","PITTSBURGH INTERNATIONAL AIRPORT, PA US","2007-06","2.54"
"USW00094823","PITTSBURGH INTERNATIONAL AIRPORT, PA US","2007-07","3.01"
"USW00094823","PITTSBURGH INTERNATIONAL AIRPORT, PA US","2007-08","6.15"
"USW00094823","PITTSBURGH INTERNATIONAL AIRPORT, PA US","2007-09","2.30"
"USW00094823","PITTSBURGH INTERNATIONAL AIRPORT, PA US","2007-10","1.70"
"USW00094823","PITTSBURGH INTERNATIONAL AIRPORT, PA US","2007-11","3.97"
"USW00094823","PITTSBURGH INTERNATIONAL AIRPORT, PA US","2007-12","4.29"
"USW00094823","PITTSBURGH INTERNATIONAL AIRPORT, PA US","2008-01","1.63"
"USW00094823","PITTSBURGH INTERNATIONAL AIRPORT, PA US","2008-02","5.46"
"USW00094823","PITTSBURGH INTERNATIONAL AIRPORT, PA US","2008-03","3.93"
"USW00094823","PITTSBURGH INTERNATIONAL AIRPORT, PA US","2008-04","2.02"
"USW00094823","PITTSBURGH INTERNATIONAL AIRPORT, PA US","2008-05","3.21"
"USW00094823","PITTSBURGH INTERNATIONAL AIRPORT, PA US","2008-06","6.17"
"USW00094823","PITTSBURGH INTERNATIONAL AIRPORT, PA US","2008-07","2.59"
"USW00094823","PITTSBURGH INTERNATIONAL AIRPORT, PA US","2008-08","3.37"
"USW00094823","PITTSBURGH INTERNATIONAL AIRPORT, PA US","2008-09","2.65"
"USW00094823","PITTSBURGH INTERNATIONAL AIRPORT, PA US","2008-10","2.02"
"USW00094823","PITTSBURGH INTERNATIONAL AIRPORT, PA US","2008-11","2.00"
"USW00094823","PITTSBURGH INTERNATIONAL AIRPORT, PA US","2008-12","4.70"
"USW00094823","PITTSBURGH INTERNATIONAL AIRPORT, PA US","2009-01","2.98"
"USW00094823","PITTSBURGH INTERNATIONAL AIRPORT, PA US","2009-02","1.56"
"USW00094823","PITTSBURGH INTERNATIONAL AIRPORT, PA US","2009-03","1.69"
"USW00094823","PITTSBURGH INTERNATIONAL AIRPORT, PA US","2009-04","2.36"
"USW00094823","PITTSBURGH INTERNATIONAL AIRPORT, PA US","2009-05","3.82"
"USW00094823","PITTSBURGH INTERNATIONAL AIRPORT, PA US","2009-06","4.42"
"USW00094823","PITTSBURGH INTERNATIONAL AIRPORT, PA US","2009-07","4.13"
"USW00094823","PITTSBURGH INTERNATIONAL AIRPORT, PA US","2009-08","3.55"
"USW00094823","PITTSBURGH INTERNATIONAL AIRPORT, PA US","2009-09","1.55"
"USW00094823","PITTSBURGH INTERNATIONAL AIRPORT, PA US","2009-10","2.29"
"USW00094823","PITTSBURGH INTERNATIONAL AIRPORT, PA US","2009-11","0.96"
"USW00094823","PITTSBURGH INTERNATIONAL AIRPORT, PA US","2009-12","3.54"
"USW00094823","PITTSBURGH INTERNATIONAL AIRPORT, PA US","2010-01","2.90"
"USW00094823","PITTSBURGH INTERNATIONAL AIRPORT, PA US","2010-02","3.22"
"USW00094823","PITTSBURGH INTERNATIONAL AIRPORT, PA US","2010-03","2.19"
"USW00094823","PITTSBURGH INTERNATIONAL AIRPORT, PA US","2010-04","1.76"
"USW00094823","PITTSBURGH INTERNATIONAL AIRPORT, PA US","2010-05","5.19"
"USW00094823","PITTSBURGH INTERNATIONAL AIRPORT, PA US","2010-06","5.13"
"USW00094823","PITTSBURGH INTERNATIONAL AIRPORT, PA US","2010-07","2.87"
"USW00094823","PITTSBURGH INTERNATIONAL AIRPORT, PA US","2010-08","1.68"
"USW00094823","PITTSBURGH INTERNATIONAL AIRPORT, PA US","2010-09","3.28"
"USW00094823","PITTSBURGH INTERNATIONAL AIRPORT, PA US","2010-10","2.12"
"USW00094823","PITTSBURGH INTERNATIONAL AIRPORT, PA US","2010-11","5.97"
"USW00094823","PITTSBURGH INTERNATIONAL AIRPORT, PA US","2010-12","1.57"
"USW00094823","PITTSBURGH INTERNATIONAL AIRPORT, PA US","2011-01","1.69"
"USW00094823","PITTSBURGH INTERNATIONAL AIRPORT, PA US","2011-02","4.97"
"USW00094823","PITTSBURGH INTERNATIONAL AIRPORT, PA US","2011-03","4.98"
"USW00094823","PITTSBURGH INTERNATIONAL AIRPORT, PA US","2011-04","5.13"
"USW00094823","PITTSBURGH INTERNATIONAL AIRPORT, PA US","2011-05","4.58"
"USW00094823","PITTSBURGH INTERNATIONAL AIRPORT, PA US","2011-06","2.51"
"USW00094823","PITTSBURGH INTERNATIONAL AIRPORT, PA US","2011-07","2.63"
"USW00094823","PITTSBURGH INTERNATIONAL AIRPORT, PA US","2011-08","2.69"
"USW00094823","PITTSBURGH INTERNATIONAL AIRPORT, PA US","2011-09","3.74"
"USW00094823","PITTSBURGH INTERNATIONAL AIRPORT, PA US","2011-10","4.40"
"USW00094823","PITTSBURGH INTERNATIONAL AIRPORT, PA US","2011-11","3.75"
"USW00094823","PITTSBURGH INTERNATIONAL AIRPORT, PA US","2011-12","2.48"
"USW00094823","PITTSBURGH INTERNATIONAL AIRPORT, PA US","2012-01","3.86"
"USW00094823","PITTSBURGH INTERNATIONAL AIRPORT, PA US","2012-02","2.24"
"USW00094823","PITTSBURGH INTERNATIONAL AIRPORT, PA US","2012-03","3.29"
"USW00094823","PITTSBURGH INTERNATIONAL AIRPORT, PA US","2012-04","1.31"
"USW00094823","PITTSBURGH INTERNATIONAL AIRPORT, PA US","2012-05","4.69"
"USW00094823","PITTSBURGH INTERNATIONAL AIRPORT, PA US","2012-06","1.24"
"USW00094823","PITTSBURGH INTERNATIONAL AIRPORT, PA US","2012-07","7.33"
"USW00094823","PITTSBURGH INTERNATIONAL AIRPORT, PA US","2012-08","2.66"
"USW00094823","PITTSBURGH INTERNATIONAL AIRPORT, PA US","2012-09","4.80"
"USW00094823","PITTSBURGH INTERNATIONAL AIRPORT, PA US","2012-10","4.44"
"USW00094823","PITTSBURGH INTERNATIONAL AIRPORT, PA US","2012-11","0.38"
"USW00094823","PITTSBURGH INTERNATIONAL AIRPORT, PA US","2012-12","5.53"
"USW00094823","PITTSBURGH INTERNATIONAL AIRPORT, PA US","2013-01","2.45"
"USW00094823","PITTSBURGH INTERNATIONAL AIRPORT, PA US","2013-02","2.13"
"USW00094823","PITTSBURGH INTERNATIONAL AIRPORT, PA US","2013-03","2.19"
"USW00094823","PITTSBURGH INTERNATIONAL AIRPORT, PA US","2013-04","3.27"
"USW00094823","PITTSBURGH INTERNATIONAL AIRPORT, PA US","2013-05","2.34"
"USW00094823","PITTSBURGH INTERNATIONAL AIRPORT, PA US","2013-06","5.48"
"USW00094823","PITTSBURGH INTERNATIONAL AIRPORT, PA US","2013-07","6.16"
"USW00094823","PITTSBURGH INTERNATIONAL AIRPORT, PA US","2013-08","1.78"
"USW00094823","PITTSBURGH INTERNATIONAL AIRPORT, PA US","2013-09","2.31"
"USW00094823","PITTSBURGH INTERNATIONAL AIRPORT, PA US","2013-10","2.35"
"USW00094823","PITTSBURGH INTERNATIONAL AIRPORT, PA US","2013-11","2.98"
"USW00094823","PITTSBURGH INTERNATIONAL AIRPORT, PA US","2013-12","3.27"
"USW00094823","PITTSBURGH INTERNATIONAL AIRPORT, PA US","2014-01","2.19"
"USW00094823","PITTSBURGH INTERNATIONAL AIRPORT, PA US","2014-02","2.26"
"USW00094823","PITTSBURGH INTERNATIONAL AIRPORT, PA US","2014-03","1.87"
"USW00094823","PITTSBURGH INTERNATIONAL AIRPORT, PA US","2014-04","4.47"
"USW00094823","PITTSBURGH INTERNATIONAL AIRPORT, PA US","2014-05","4.32"
"USW00094823","PITTSBURGH INTERNATIONAL AIRPORT, PA US","2014-06","4.06"
"USW00094823","PITTSBURGH INTERNATIONAL AIRPORT, PA US","2014-07","5.20"
"USW00094823","PITTSBURGH INTERNATIONAL AIRPORT, PA US","2014-08","5.06"
"USW00094823","PITTSBURGH INTERNATIONAL AIRPORT, PA US","2014-09","0.97"
"USW00094823","PITTSBURGH INTERNATIONAL AIRPORT, PA US","2014-10","1.89"
"USW00094823","PITTSBURGH INTERNATIONAL AIRPORT, PA US","2014-11","1.98"
"USW00094823","PITTSBURGH INTERNATIONAL AIRPORT, PA US","2014-12","2.63"
"USW00094823","PITTSBURGH INTERNATIONAL AIRPORT, PA US","2015-01","2.26"
"USW00094823","PITTSBURGH INTERNATIONAL AIRPORT, PA US","2015-02","1.56"
"USW00094823","PITTSBURGH INTERNATIONAL AIRPORT, PA US","2015-03","4.02"
"USW00094823","PITTSBURGH INTERNATIONAL AIRPORT, PA US","2015-04","3.95"
"USW00094823","PITTSBURGH INTERNATIONAL AIRPORT, PA US","2015-05","2.73"
"USW00094823","PITTSBURGH INTERNATIONAL AIRPORT, PA US","2015-06","7.34"
"USW00094823","PITTSBURGH INTERNATIONAL AIRPORT, PA US","2015-07","3.61"
"USW00094823","PITTSBURGH INTERNATIONAL AIRPORT, PA US","2015-08","2.29"
"USW00094823","PITTSBURGH INTERNATIONAL AIRPORT, PA US","2015-09","5.08"
"USW00094823","PITTSBURGH INTERNATIONAL AIRPORT, PA US","2015-10","3.35"
"USW00094823","PITTSBURGH INTERNATIONAL AIRPORT, PA US","2015-11","1.38"
"USW00094823","PITTSBURGH INTERNATIONAL AIRPORT, PA US","2015-12","3.05"
"USW00094823","PITTSBURGH INTERNATIONAL AIRPORT, PA US","2016-01","1.79"
"USW00094823","PITTSBURGH INTERNATIONAL AIRPORT, PA US","2016-02","3.15"
"USW00094823","PITTSBURGH INTERNATIONAL AIRPORT, PA US","2016-03","2.83"
"USW00094823","PITTSBURGH INTERNATIONAL AIRPORT, PA US","2016-04","2.25"
"USW00094823","PITTSBURGH INTERNATIONAL AIRPORT, PA US","2016-05","3.62"
"USW00094823","PITTSBURGH INTERNATIONAL AIRPORT, PA US","2016-06","3.11"
"USW00094823","PITTSBURGH INTERNATIONAL AIRPORT, PA US","2016-07","3.12"
"USW00094823","PITTSBURGH INTERNATIONAL AIRPORT, PA US","2016-08","3.29"
"USW00094823","PITTSBURGH INTERNATIONAL AIRPORT, PA US","2016-09","3.08"
"USW00094823","PITTSBURGH INTERNATIONAL AIRPORT, PA US","2016-10","3.94"
"USW00094823","PITTSBURGH INTERNATIONAL AIRPORT, PA US","2016-11","1.43"
"USW00094823","PITTSBURGH INTERNATIONAL AIRPORT, PA US","2016-12","3.44"
"USW00094823","PITTSBURGH INTERNATIONAL AIRPORT, PA US","2017-01","3.56"
"USW00094823","PITTSBURGH INTERNATIONAL AIRPORT, PA US","2017-02","1.46"
"USW00094823","PITTSBURGH INTERNATIONAL AIRPORT, PA US","2017-03","5.02"
"USW00094823","PITTSBURGH INTERNATIONAL AIRPORT, PA US","2017-04","3.54"
"USW00094823","PITTSBURGH INTERNATIONAL AIRPORT, PA US","2017-05","5.15"
"USW00094823","PITTSBURGH INTERNATIONAL AIRPORT, PA US","2017-06","3.79"
"USW00094823","PITTSBURGH INTERNATIONAL AIRPORT, PA US","2017-07","6.42"
"USW00094823","PITTSBURGH INTERNATIONAL AIRPORT, PA US","2017-08","2.63"
"USW00094823","PITTSBURGH INTERNATIONAL AIRPORT, PA US","2017-09","0.58"
"USW00094823","PITTSBURGH INTERNATIONAL AIRPORT, PA US","2017-10","4.11"
"USW00094823","PITTSBURGH INTERNATIONAL AIRPORT, PA US","2017-11","4.15"
"USW00094823","PITTSBURGH INTERNATIONAL AIRPORT, PA US","2017-12","1.77"
"USW00094823","PITTSBURGH INTERNATIONAL AIRPORT, PA US","2018-01","4.28"
"USW00094823","PITTSBURGH INTERNATIONAL AIRPORT, PA US","2018-02","7.05"
"USW00094823","PITTSBURGH INTERNATIONAL AIRPORT, PA US","2018-03","2.96"
"USW00094823","PITTSBURGH INTERNATIONAL AIRPORT, PA US","2018-04","4.43"
"USW00094823","PITTSBURGH INTERNATIONAL AIRPORT, PA US","2018-05","2.84"
"USW00094823","PITTSBURGH INTERNATIONAL AIRPORT, PA US","2018-06","6.10"
"USW00094823","PITTSBURGH INTERNATIONAL AIRPORT, PA US","2018-07","3.96"
"USW00094823","PITTSBURGH INTERNATIONAL AIRPORT, PA US","2018-08","4.53"
"USW00094823","PITTSBURGH INTERNATIONAL AIRPORT, PA US","2018-09","8.50"
"USW00094823","PITTSBURGH INTERNATIONAL AIRPORT, PA US","2018-10","3.59"
"USW00094823","PITTSBURGH INTERNATIONAL AIRPORT, PA US","2018-11","4.57"
"USW00094823","PITTSBURGH INTERNATIONAL AIRPORT, PA US","2018-12","5.04"
"USW00094823","PITTSBURGH INTERNATIONAL AIRPORT, PA US","2019-01","3.07"
"USW00094823","PITTSBURGH INTERNATIONAL AIRPORT, PA US","2019-02","4.14"
"USW00094823","PITTSBURGH INTERNATIONAL AIRPORT, PA US","2019-03","2.37"
"USW00094823","PITTSBURGH INTERNATIONAL AIRPORT, PA US","2019-04","3.44"
"USW00094823","PITTSBURGH INTERNATIONAL AIRPORT, PA US","2019-05","5.98"
"USW00094823","PITTSBURGH INTERNATIONAL AIRPORT, PA US","2019-06","6.43"
"USW00094823","PITTSBURGH INTERNATIONAL AIRPORT, PA US","2019-07","6.92"
"USW00094823","PITTSBURGH INTERNATIONAL AIRPORT, PA US","2019-08","2.45"
"USW00094823","PITTSBURGH INTERNATIONAL AIRPORT, PA US","2019-09","5.34"
"USW00094823","PITTSBURGH INTERNATIONAL AIRPORT, PA US","2019-10","7.19"
"USW00094823","PITTSBURGH INTERNATIONAL AIRPORT, PA US","2019-11","1.65"
"USW00094823","PITTSBURGH INTERNATIONAL AIRPORT, PA US","2019-12","3.53"
"USW00094823","PITTSBURGH INTERNATIONAL AIRPORT, PA US","2020-01","3.70"
"USW00094823","PITTSBURGH INTERNATIONAL AIRPORT, PA US","2020-02","3.31"
"USW00094823","PITTSBURGH INTERNATIONAL AIRPORT, PA US","2020-03","4.83"
"USW00094823","PITTSBURGH INTERNATIONAL AIRPORT, PA US","2020-04","4.58"
"USW00094823","PITTSBURGH INTERNATIONAL AIRPORT, PA US","2020-05","2.19"
"USW00094823","PITTSBURGH INTERNATIONAL AIRPORT, PA US","2020-06","2.30"
"USW00094823","PITTSBURGH INTERNATIONAL AIRPORT, PA US","2020-07","3.10"
"USW00094823","PITTSBURGH INTERNATIONAL AIRPORT, PA US","2020-08","5.58"
"USW00094823","PITTSBURGH INTERNATIONAL AIRPORT, PA US","2020-09","0.92"
"USW00094823","PITTSBURGH INTERNATIONAL AIRPORT, PA US","2020-10","3.29"
"USW00094823","PITTSBURGH INTERNATIONAL AIRPORT, PA US","2020-11","2.02"
"USW00094823","PITTSBURGH INTERNATIONAL AIRPORT, PA US","2020-12","3.54"
"USW00094823","PITTSBURGH INTERNATIONAL AIRPORT, PA US","2021-01","2.27"
"USW00094823","PITTSBURGH INTERNATIONAL AIRPORT, PA US","2021-02","2.82"
"USW00094823","PITTSBURGH INTERNATIONAL AIRPORT, PA US","2021-03","3.88"
"USW00094823","PITTSBURGH INTERNATIONAL AIRPORT, PA US","2021-04","2.67"
"USW00094823","PITTSBURGH INTERNATIONAL AIRPORT, PA US","2021-05","3.09"
"USW00094823","PITTSBURGH INTERNATIONAL AIRPORT, PA US","2021-06","4.29"
"USW00094823","PITTSBURGH INTERNATIONAL AIRPORT, PA US","2021-07","3.00"
"USW00094823","PITTSBURGH INTERNATIONAL AIRPORT, PA US","2021-08","6.41"
"USW00094823","PITTSBURGH INTERNATIONAL AIRPORT, PA US","2021-09","3.93"
"USW00094823","PITTSBURGH INTERNATIONAL AIRPORT, PA US","2021-10","3.85"
"USW00094823","PITTSBURGH INTERNATIONAL AIRPORT, PA US","2021-11","0.88"
"USW00094823","PITTSBURGH INTERNATIONAL AIRPORT, PA US","2021-12","3.46"
"USW00094823","PITTSBURGH INTERNATIONAL AIRPORT, PA US","2022-01","3.00"
"USW00094823","PITTSBURGH INTERNATIONAL AIRPORT, PA US","2022-02","5.11"
"USW00094823","PITTSBURGH INTERNATIONAL AIRPORT, PA US","2022-03","3.31"
"USW00094823","PITTSBURGH INTERNATIONAL AIRPORT, PA US","2022-04","3.23"
"USW00094823","PITTSBURGH INTERNATIONAL AIRPORT, PA US","2022-05","5.04"
"USW00094823","PITTSBURGH INTERNATIONAL AIRPORT, PA US","2022-06","3.01"
"USW00094823","PITTSBURGH INTERNATIONAL AIRPORT, PA US","2022-07","3.69"
"USW00094823","PITTSBURGH INTERNATIONAL AIRPORT, PA US","2022-08","3.39"
"USW00094823","PITTSBURGH INTERNATIONAL AIRPORT, PA US","2022-09","5.16"
"USW00094823","PITTSBURGH INTERNATIONAL AIRPORT, PA US","2022-10","1.87"
"USW00094823","PITTSBURGH INTERNATIONAL AIRPORT, PA US","2022-11","4.07"
"USW00094823","PITTSBURGH INTERNATIONAL AIRPORT, PA US","2022-12","1.76"
